{"The Acolyte":{"AverageNegative":0.5239568345323741,"AverageNeutral":0.30877697841726637,"CountNeutral":34,"AveragePositive":0.1676978417266188,"CountPositive":13,"CountNegative":71},"The Mandalorian":{"AverageNegative":0.317793103448276,"AverageNeutral":0.39813793103448286,"CountNeutral":56,"AveragePositive":0.28441379310344844,"CountPositive":36,"CountNegative":41},"Andor":{"AverageNegative":0.2116030534351145,"AverageNeutral":0.28877862595419834,"CountNeutral":34,"AveragePositive":0.4984732824427481,"CountPositive":58,"CountNegative":18}}